image_name,mpi_nprocess,omp_nthread,nimages,load_time,sobel_time,store_time,work_mode
images/original/051009.vince.gif,1,1,1,0.015773,0.026996,0.151866,single
images/original/1.gif,1,1,10,0.019935,0.047786,0.105690,single
images/original/200_s.gif,1,1,1,0.001044,0.000848,0.002053,single
images/original/9815573.gif,1,1,10,0.013301,0.025697,0.053549,single
images/original/australian-flag-large.gif,1,1,1,0.005001,0.013787,0.015792,single
images/original/Campusplan-Hausnr.gif,1,1,1,0.369667,1.195708,0.654873,single
images/original/Campusplan-Mobilitaetsbeschraenkte.gif,1,1,1,0.370119,1.135277,1.556332,single
images/original/fire.gif,1,1,33,0.001210,0.007095,0.003177,single
images/original/frame_002.gif,1,1,1,0.002082,0.004069,0.004392,single
images/original/giphy-3.gif,1,1,5,0.102258,0.187049,0.639448,single
images/original/Mandelbrot-large.gif,1,1,20,0.195454,0.426800,1.536287,single
images/original/porsche.gif,1,1,1,0.000903,0.001296,0.002447,single
images/original/Produits_sous_linux.gif,1,1,1,0.006037,0.013511,0.009605,single
images/original/TimelyHugeGnu.gif,1,1,19,0.054024,0.073980,0.323007,single
images/original/tumblr_myxlbtwVEb1qzt4vjo1_r14_500_large.gif,1,1,10,0.018540,0.044776,0.322795,single
images/original/051009.vince.gif,2,1,1,0.015608,0.096115,0.284456,striping
images/original/1.gif,2,1,10,0.019046,0.135611,0.224541,striping
images/original/200_s.gif,2,1,1,0.000680,0.021568,0.007463,striping
images/original/9815573.gif,2,1,10,0.013084,0.084391,0.115025,striping
images/original/australian-flag-large.gif,2,1,1,0.004762,0.057450,0.031114,striping
images/original/Campusplan-Hausnr.gif,2,1,1,0.369469,3.737599,1.717646,striping
images/original/Campusplan-Mobilitaetsbeschraenkte.gif,2,1,1,0.370918,3.735459,3.043903,striping
images/original/fire.gif,2,1,33,0.001079,0.029289,0.008714,striping
images/original/frame_002.gif,2,1,1,0.002058,0.026076,0.012441,striping
images/original/giphy-3.gif,2,1,5,0.102207,0.501995,1.431328,striping
images/original/Mandelbrot-large.gif,2,1,20,0.195914,1.046578,3.697810,striping
images/original/porsche.gif,2,1,1,0.000723,0.017886,0.007744,striping
images/original/Produits_sous_linux.gif,2,1,1,0.006065,0.047190,0.025975,striping
images/original/TimelyHugeGnu.gif,2,1,19,0.048501,0.186536,0.677024,striping
images/original/tumblr_myxlbtwVEb1qzt4vjo1_r14_500_large.gif,2,1,10,0.018693,0.146530,0.633894,striping
images/original/051009.vince.gif,3,1,1,0.015432,0.092417,0.277967,striping
images/original/1.gif,3,1,10,0.019081,0.135284,0.235880,striping
images/original/200_s.gif,3,1,1,0.000825,0.017201,0.008507,striping
images/original/9815573.gif,3,1,10,0.013232,0.084820,0.126455,striping
images/original/australian-flag-large.gif,3,1,1,0.005054,0.053605,0.039514,striping
images/original/Campusplan-Hausnr.gif,3,1,1,0.369058,3.363233,2.164270,striping
images/original/Campusplan-Mobilitaetsbeschraenkte.gif,3,1,1,0.371795,3.361060,3.370120,striping
images/original/fire.gif,3,1,33,0.001336,0.025257,0.011055,striping
images/original/frame_002.gif,3,1,1,0.002196,0.022013,0.016602,striping
images/original/giphy-3.gif,3,1,5,0.102748,0.462582,1.495718,striping
images/original/Mandelbrot-large.gif,3,1,20,0.193557,0.963878,3.846841,striping
images/original/porsche.gif,3,1,1,0.000928,0.014583,0.009774,striping
images/original/Produits_sous_linux.gif,3,1,1,0.006446,0.049118,0.034017,striping
images/original/TimelyHugeGnu.gif,3,1,19,0.049241,0.182864,0.679389,striping
images/original/tumblr_myxlbtwVEb1qzt4vjo1_r14_500_large.gif,3,1,10,0.018940,0.143283,0.641013,striping
images/original/051009.vince.gif,4,1,1,0.015490,0.089384,0.275710,striping
images/original/1.gif,4,1,10,0.019356,0.060419,0.246052,legacy
images/original/200_s.gif,4,1,1,0.000716,0.020546,0.011714,striping
images/original/9815573.gif,4,1,10,0.012936,0.038426,0.135125,legacy
images/original/australian-flag-large.gif,4,1,1,0.004815,0.059235,0.046185,striping
images/original/Campusplan-Hausnr.gif,4,1,1,0.369844,3.187911,2.553800,striping
images/original/Campusplan-Mobilitaetsbeschraenkte.gif,4,1,1,0.371708,3.178355,3.742808,striping
images/original/fire.gif,4,1,33,0.001122,0.027662,0.011442,legacy
images/original/frame_002.gif,4,1,1,0.002073,0.028488,0.020428,striping
images/original/giphy-3.gif,4,1,5,0.101929,0.200323,1.558064,legacy
images/original/Mandelbrot-large.gif,4,1,20,0.196031,0.369179,3.993991,legacy
images/original/porsche.gif,4,1,1,0.000874,0.022252,0.012947,striping
images/original/Produits_sous_linux.gif,4,1,1,0.006242,0.052085,0.041000,striping
images/original/TimelyHugeGnu.gif,4,1,19,0.048880,0.097948,0.747170,legacy
images/original/tumblr_myxlbtwVEb1qzt4vjo1_r14_500_large.gif,4,1,10,0.018606,0.058845,0.672834,legacy
images/original/051009.vince.gif,5,1,1,0.015496,0.201688,0.275563,striping
images/original/1.gif,5,1,10,0.019002,0.064973,0.265051,legacy
images/original/200_s.gif,5,1,1,0.000900,0.069534,0.012536,striping
images/original/9815573.gif,5,1,10,0.013452,0.046293,0.139794,legacy
images/original/australian-flag-large.gif,5,1,1,0.005177,0.074948,0.050707,striping
images/original/Campusplan-Hausnr.gif,5,1,1,0.370190,3.146006,2.972175,striping
images/original/Campusplan-Mobilitaetsbeschraenkte.gif,5,1,1,0.372665,3.069295,4.207481,striping
images/original/fire.gif,5,1,33,0.001410,0.020604,0.016124,legacy
images/original/frame_002.gif,5,1,1,0.002426,0.030321,0.023133,striping
images/original/giphy-3.gif,5,1,5,0.103026,0.188136,1.589473,legacy
images/original/Mandelbrot-large.gif,5,1,20,0.195073,0.324588,4.174428,legacy
images/original/porsche.gif,5,1,1,0.000919,0.027285,0.014853,striping
images/original/Produits_sous_linux.gif,5,1,1,0.006168,0.045353,0.046702,striping
images/original/TimelyHugeGnu.gif,5,1,19,0.049060,0.085314,0.759388,legacy
images/original/tumblr_myxlbtwVEb1qzt4vjo1_r14_500_large.gif,5,1,10,0.018528,0.052079,0.675063,legacy
images/original/051009.vince.gif,6,1,1,0.015088,0.122550,0.274897,striping
images/original/1.gif,6,1,10,0.019450,0.075733,0.245138,legacy
images/original/200_s.gif,6,1,1,0.000709,0.059782,0.015915,striping
images/original/9815573.gif,6,1,10,0.012953,0.041324,0.152279,legacy
images/original/australian-flag-large.gif,6,1,1,0.004797,0.056694,0.057683,striping
images/original/Campusplan-Hausnr.gif,6,1,1,0.369257,3.002815,3.366488,striping
images/original/Campusplan-Mobilitaetsbeschraenkte.gif,6,1,1,0.370340,2.996514,4.407279,striping
images/original/fire.gif,6,1,33,0.000872,0.023962,0.017422,legacy
images/original/frame_002.gif,6,1,1,0.001846,0.028916,0.025836,striping
images/original/giphy-3.gif,6,1,5,0.108378,0.174146,1.626984,legacy
images/original/Mandelbrot-large.gif,6,1,20,0.194744,0.305261,4.342342,legacy
images/original/porsche.gif,6,1,1,0.000858,0.021162,0.017420,striping
images/original/Produits_sous_linux.gif,6,1,1,0.006535,0.058161,0.053371,striping
images/original/TimelyHugeGnu.gif,6,1,19,0.048741,0.085970,0.769154,legacy
images/original/tumblr_myxlbtwVEb1qzt4vjo1_r14_500_large.gif,6,1,10,0.018613,0.050420,0.672769,legacy
images/original/051009.vince.gif,7,1,1,0.015651,0.089339,0.276683,striping
images/original/1.gif,7,1,10,0.018881,0.047439,0.302004,legacy
images/original/200_s.gif,7,1,1,0.000794,0.032490,0.018563,striping
images/original/9815573.gif,7,1,10,0.013037,0.041733,0.154980,legacy
images/original/australian-flag-large.gif,7,1,1,0.005188,0.056761,0.063500,striping
images/original/Campusplan-Hausnr.gif,7,1,1,0.370664,2.953102,3.773791,striping
images/original/Campusplan-Mobilitaetsbeschraenkte.gif,7,1,1,0.369535,2.958212,4.379529,striping
images/original/fire.gif,7,1,33,0.001262,0.022263,0.020094,legacy
images/original/frame_002.gif,7,1,1,0.002292,0.040421,0.030775,striping
images/original/giphy-3.gif,7,1,5,0.102380,0.424250,1.574068,striping
images/original/Mandelbrot-large.gif,7,1,20,0.195121,0.299252,4.493839,legacy
images/original/porsche.gif,7,1,1,0.001237,0.023256,0.019535,striping
images/original/Produits_sous_linux.gif,7,1,1,0.006323,0.047248,0.058958,striping
images/original/TimelyHugeGnu.gif,7,1,19,0.049270,0.086771,0.798412,legacy
images/original/tumblr_myxlbtwVEb1qzt4vjo1_r14_500_large.gif,7,1,10,0.019883,0.049284,0.707337,legacy
images/original/051009.vince.gif,8,1,1,0.014910,0.126261,0.274545,striping
images/original/1.gif,8,1,10,0.019130,0.049593,0.312682,legacy
images/original/200_s.gif,8,1,1,0.000688,0.027105,0.020795,striping
images/original/9815573.gif,8,1,10,0.013061,0.050885,0.160118,legacy
images/original/australian-flag-large.gif,8,1,1,0.004653,0.056076,0.069845,striping
images/original/Campusplan-Hausnr.gif,8,1,1,0.370644,2.918140,4.223181,striping
images/original/Campusplan-Mobilitaetsbeschraenkte.gif,8,1,1,0.369812,2.933405,5.337979,striping
images/original/fire.gif,8,1,33,0.001076,0.032232,0.021921,legacy
images/original/frame_002.gif,8,1,1,0.002080,0.041680,0.037561,striping
images/original/giphy-3.gif,8,1,5,0.102220,0.420659,1.567757,striping
images/original/Mandelbrot-large.gif,8,1,20,0.193206,0.290902,4.510441,legacy
images/original/porsche.gif,8,1,1,0.000942,0.027542,0.021783,striping
images/original/Produits_sous_linux.gif,8,1,1,0.006103,0.057559,0.067198,striping
images/original/TimelyHugeGnu.gif,8,1,19,0.048956,0.084061,0.823441,legacy
images/original/tumblr_myxlbtwVEb1qzt4vjo1_r14_500_large.gif,8,1,10,0.018475,0.053243,0.700211,legacy
images/original/051009.vince.gif,1,2,1,0.016209,0.020594,0.156960,single
images/original/1.gif,1,2,10,0.019714,0.036775,0.109291,single
images/original/200_s.gif,1,2,1,0.000793,0.000725,0.001852,single
images/original/9815573.gif,1,2,10,0.014057,0.019925,0.058049,single
images/original/australian-flag-large.gif,1,2,1,0.005525,0.011015,0.019745,single
images/original/Campusplan-Hausnr.gif,1,2,1,0.371368,0.930483,0.659824,single
images/original/Campusplan-Mobilitaetsbeschraenkte.gif,1,2,1,0.371440,0.874232,1.871603,single
images/original/fire.gif,1,2,33,0.001135,0.007251,0.002945,single
images/original/frame_002.gif,1,2,1,0.002370,0.003122,0.004305,single
images/original/giphy-3.gif,1,2,5,0.103053,0.140423,0.644911,single
images/original/Mandelbrot-large.gif,1,2,20,0.196624,0.331213,1.544734,single
images/original/porsche.gif,1,2,1,0.001008,0.001086,0.002289,single
images/original/Produits_sous_linux.gif,1,2,1,0.006943,0.010943,0.010289,single
images/original/TimelyHugeGnu.gif,1,2,19,0.049867,0.055353,0.326561,single
images/original/tumblr_myxlbtwVEb1qzt4vjo1_r14_500_large.gif,1,2,10,0.019616,0.035337,0.326904,single
images/original/051009.vince.gif,2,2,1,0.015849,0.084006,0.291632,striping
images/original/1.gif,2,2,10,0.019737,0.129740,0.228708,striping
images/original/200_s.gif,2,2,1,0.000580,0.015434,0.005547,striping
images/original/9815573.gif,2,2,10,0.013651,0.079079,0.119713,striping
images/original/australian-flag-large.gif,2,2,1,0.005326,0.046621,0.035446,striping
images/original/Campusplan-Hausnr.gif,2,2,1,0.370298,3.293284,1.718929,striping
images/original/Campusplan-Mobilitaetsbeschraenkte.gif,2,2,1,0.372244,3.291550,3.086237,striping
images/original/fire.gif,2,2,33,0.001007,0.024400,0.008353,striping
images/original/frame_002.gif,2,2,1,0.002191,0.018295,0.012184,striping
images/original/giphy-3.gif,2,2,5,0.107672,0.446036,1.441692,striping
images/original/Mandelbrot-large.gif,2,2,20,0.196138,0.928649,3.709683,striping
images/original/porsche.gif,2,2,1,0.000797,0.018002,0.006793,striping
images/original/Produits_sous_linux.gif,2,2,1,0.006775,0.048942,0.026798,striping
images/original/TimelyHugeGnu.gif,2,2,19,0.050038,0.166958,0.702196,striping
images/original/tumblr_myxlbtwVEb1qzt4vjo1_r14_500_large.gif,2,2,10,0.019509,0.128269,0.644008,striping
images/original/051009.vince.gif,3,2,1,0.016296,0.089468,0.287072,striping
images/original/1.gif,3,2,10,0.019986,0.123482,0.242755,striping
images/original/200_s.gif,3,2,1,0.000793,0.018275,0.007115,striping
images/original/9815573.gif,3,2,10,0.014074,0.073214,0.128499,striping
images/original/australian-flag-large.gif,3,2,1,0.005307,0.048352,0.042975,striping
images/original/Campusplan-Hausnr.gif,3,2,1,0.369255,3.003670,2.164522,striping
images/original/Campusplan-Mobilitaetsbeschraenkte.gif,3,2,1,0.372298,3.009833,3.412169,striping
images/original/fire.gif,3,2,33,0.001225,0.028940,0.010022,striping
images/original/frame_002.gif,3,2,1,0.002368,0.025539,0.015932,striping
images/original/giphy-3.gif,3,2,5,0.103217,0.416891,1.499211,striping
images/original/Mandelbrot-large.gif,3,2,20,0.194929,0.862245,3.855816,striping
images/original/porsche.gif,3,2,1,0.000980,0.022062,0.008834,striping
images/original/Produits_sous_linux.gif,3,2,1,0.007002,0.045992,0.033947,striping
images/original/TimelyHugeGnu.gif,3,2,19,0.050021,0.164316,0.691166,striping
images/original/tumblr_myxlbtwVEb1qzt4vjo1_r14_500_large.gif,3,2,10,0.019733,0.125775,0.651148,striping
images/original/051009.vince.gif,4,2,1,0.016029,0.086208,0.282056,striping
images/original/1.gif,4,2,10,0.019752,0.050271,0.256836,legacy
images/original/200_s.gif,4,2,1,0.000586,0.027791,0.009155,striping
images/original/9815573.gif,4,2,10,0.013880,0.043672,0.139470,legacy
images/original/australian-flag-large.gif,4,2,1,0.005341,0.042776,0.050305,striping
images/original/Campusplan-Hausnr.gif,4,2,1,0.370237,2.870512,2.559892,striping
images/original/Campusplan-Mobilitaetsbeschraenkte.gif,4,2,1,0.370942,2.929138,3.638415,striping
images/original/fire.gif,4,2,33,0.000988,0.019087,0.012532,legacy
images/original/frame_002.gif,4,2,1,0.002184,0.027892,0.018888,striping
images/original/giphy-3.gif,4,2,5,0.102866,0.173024,1.559635,legacy
images/original/Mandelbrot-large.gif,4,2,20,0.194705,0.324089,3.892984,legacy
images/original/porsche.gif,4,2,1,0.000772,0.024147,0.010343,striping
images/original/Produits_sous_linux.gif,4,2,1,0.006790,0.044936,0.041011,striping
images/original/TimelyHugeGnu.gif,4,2,19,0.049799,0.084785,0.740790,legacy
images/original/tumblr_myxlbtwVEb1qzt4vjo1_r14_500_large.gif,4,2,10,0.019492,0.054844,0.679850,legacy
images/original/051009.vince.gif,5,2,1,0.016647,0.131877,0.283073,striping
images/original/1.gif,5,2,10,0.020020,0.049175,0.257776,legacy
images/original/200_s.gif,5,2,1,0.000842,0.027872,0.010996,striping
images/original/9815573.gif,5,2,10,0.014249,0.038280,0.146514,legacy
images/original/australian-flag-large.gif,5,2,1,0.005552,0.055050,0.055121,striping
images/original/Campusplan-Hausnr.gif,5,2,1,0.370980,2.788956,2.974605,striping
images/original/Campusplan-Mobilitaetsbeschraenkte.gif,5,2,1,0.373322,2.790229,4.219154,striping
images/original/fire.gif,5,2,33,0.001244,0.025914,0.015097,legacy
images/original/frame_002.gif,5,2,1,0.002555,0.034844,0.023078,striping
images/original/giphy-3.gif,5,2,5,0.102282,0.166914,1.531064,legacy
images/original/Mandelbrot-large.gif,5,2,20,0.194220,0.303895,3.852356,legacy
images/original/porsche.gif,5,2,1,0.001004,0.025943,0.012253,striping
images/original/Produits_sous_linux.gif,5,2,1,0.006922,0.047234,0.048217,striping
images/original/TimelyHugeGnu.gif,5,2,19,0.049909,0.085994,0.733976,legacy
images/original/tumblr_myxlbtwVEb1qzt4vjo1_r14_500_large.gif,5,2,10,0.019638,0.043815,0.679063,legacy
images/original/051009.vince.gif,6,2,1,0.016116,0.085775,0.279569,striping
images/original/1.gif,6,2,10,0.019793,0.072644,0.252785,legacy
images/original/200_s.gif,6,2,1,0.000572,0.061506,0.012741,striping
images/original/9815573.gif,6,2,10,0.013871,0.060486,0.132018,legacy
images/original/australian-flag-large.gif,6,2,1,0.005398,0.076461,0.062128,striping
images/original/Campusplan-Hausnr.gif,6,2,1,0.369697,2.752411,3.443201,striping
images/original/Campusplan-Mobilitaetsbeschraenkte.gif,6,2,1,0.370588,2.748607,4.614576,striping
images/original/fire.gif,6,2,33,0.000947,0.061090,0.015126,legacy
images/original/frame_002.gif,6,2,1,0.002161,0.082733,0.025408,striping
images/original/giphy-3.gif,6,2,5,0.103739,0.165562,1.589286,legacy
images/original/Mandelbrot-large.gif,6,2,20,0.197051,0.287379,4.008948,legacy
images/original/porsche.gif,6,2,1,0.000794,0.062554,0.014148,striping
images/original/Produits_sous_linux.gif,6,2,1,0.006774,0.083679,0.054289,striping
images/original/TimelyHugeGnu.gif,6,2,19,0.050087,0.092595,0.762658,legacy
images/original/tumblr_myxlbtwVEb1qzt4vjo1_r14_500_large.gif,6,2,10,0.019583,0.055281,0.692354,legacy
images/original/051009.vince.gif,7,2,1,0.016640,0.113835,0.278343,striping
images/original/1.gif,7,2,10,0.019961,0.075105,0.257563,legacy
images/original/200_s.gif,7,2,1,0.000724,0.073213,0.012852,striping
images/original/9815573.gif,7,2,10,0.014162,0.061041,0.138954,legacy
images/original/australian-flag-large.gif,7,2,1,0.005552,0.086220,0.067888,striping
images/original/Campusplan-Hausnr.gif,7,2,1,0.369925,2.699664,3.783602,striping
images/original/Campusplan-Mobilitaetsbeschraenkte.gif,7,2,1,0.370807,2.699194,5.029225,striping
images/original/fire.gif,7,2,33,0.001149,0.057609,0.016842,legacy
images/original/frame_002.gif,7,2,1,0.002325,0.048522,0.027822,striping
images/original/giphy-3.gif,7,2,5,0.103298,0.384979,1.582079,striping
images/original/Mandelbrot-large.gif,7,2,20,0.196302,0.278083,4.328556,legacy
images/original/porsche.gif,7,2,1,0.000957,0.092160,0.015562,striping
images/original/Produits_sous_linux.gif,7,2,1,0.006960,0.081453,0.060878,striping
images/original/TimelyHugeGnu.gif,7,2,19,0.049848,0.087266,0.791775,legacy
images/original/tumblr_myxlbtwVEb1qzt4vjo1_r14_500_large.gif,7,2,10,0.031985,0.057159,0.685939,legacy
images/original/051009.vince.gif,8,2,1,0.015816,0.105415,0.308052,striping
images/original/1.gif,8,2,10,0.019827,0.067249,0.286603,legacy
images/original/200_s.gif,8,2,1,0.000574,0.073902,0.014804,striping
images/original/9815573.gif,8,2,10,0.013891,0.059118,0.151396,legacy
images/original/australian-flag-large.gif,8,2,1,0.005350,0.110261,0.074772,striping
images/original/Campusplan-Hausnr.gif,8,2,1,0.370833,2.664281,4.187149,striping
images/original/Campusplan-Mobilitaetsbeschraenkte.gif,8,2,1,0.371316,2.664756,5.139287,striping
images/original/fire.gif,8,2,33,0.000957,0.059248,0.018808,legacy
images/original/frame_002.gif,8,2,1,0.002208,0.072281,0.031663,striping
images/original/giphy-3.gif,8,2,5,0.103081,0.390452,1.574126,striping
images/original/Mandelbrot-large.gif,8,2,20,0.194526,0.286377,4.308142,legacy
images/original/porsche.gif,8,2,1,0.000753,0.064458,0.018384,striping
images/original/Produits_sous_linux.gif,8,2,1,0.006893,0.097844,0.067892,striping
images/original/TimelyHugeGnu.gif,8,2,19,0.049734,0.094827,0.791906,legacy
images/original/tumblr_myxlbtwVEb1qzt4vjo1_r14_500_large.gif,8,2,10,0.019518,0.068407,0.696445,legacy
images/original/051009.vince.gif,1,3,1,0.015217,0.022881,0.151519,single
images/original/1.gif,1,3,10,0.019309,0.041585,0.104150,single
images/original/200_s.gif,1,3,1,0.001010,0.000823,0.001903,single
images/original/9815573.gif,1,3,10,0.013384,0.022250,0.053431,single
images/original/australian-flag-large.gif,1,3,1,0.005037,0.011936,0.015981,single
images/original/Campusplan-Hausnr.gif,1,3,1,0.371129,0.928678,0.657718,single
images/original/Campusplan-Mobilitaetsbeschraenkte.gif,1,3,1,0.371606,0.851438,1.783036,single
images/original/fire.gif,1,3,33,0.001201,0.007925,0.002923,single
images/original/frame_002.gif,1,3,1,0.002141,0.003497,0.004336,single
images/original/giphy-3.gif,1,3,5,0.101073,0.156037,0.640808,single
images/original/Mandelbrot-large.gif,1,3,20,0.194964,0.363275,1.535796,single
images/original/porsche.gif,1,3,1,0.001072,0.001178,0.002349,single
images/original/Produits_sous_linux.gif,1,3,1,0.006507,0.011998,0.009551,single
images/original/TimelyHugeGnu.gif,1,3,19,0.048910,0.061721,0.324292,single
images/original/tumblr_myxlbtwVEb1qzt4vjo1_r14_500_large.gif,1,3,10,0.018421,0.038838,0.322096,single
images/original/051009.vince.gif,2,3,1,0.015067,0.089903,0.282839,striping
images/original/1.gif,2,3,10,0.018810,0.136697,0.224131,striping
images/original/200_s.gif,2,3,1,0.000684,0.020402,0.007702,striping
images/original/9815573.gif,2,3,10,0.014066,0.080638,0.121441,striping
images/original/australian-flag-large.gif,2,3,1,0.004557,0.048000,0.031268,striping
images/original/Campusplan-Hausnr.gif,2,3,1,0.369488,3.391343,1.725529,striping
images/original/Campusplan-Mobilitaetsbeschraenkte.gif,2,3,1,0.370268,3.319629,2.727893,striping
images/original/fire.gif,2,3,33,0.001005,0.032852,0.009042,striping
images/original/frame_002.gif,2,3,1,0.002308,0.019445,0.144179,striping
images/original/giphy-3.gif,2,3,5,0.102038,0.465869,1.427152,striping
images/original/Mandelbrot-large.gif,2,3,20,0.193698,0.986332,3.703608,striping
images/original/porsche.gif,2,3,1,0.000755,0.018917,0.008180,striping
images/original/Produits_sous_linux.gif,2,3,1,0.006093,0.048518,0.025915,striping
images/original/TimelyHugeGnu.gif,2,3,19,0.048937,0.178914,0.678721,striping
images/original/tumblr_myxlbtwVEb1qzt4vjo1_r14_500_large.gif,2,3,10,0.018644,0.134075,0.635960,striping
images/original/051009.vince.gif,3,3,1,0.015721,0.087730,0.278626,striping
images/original/1.gif,3,3,10,0.018768,0.128821,0.233753,striping
images/original/200_s.gif,3,3,1,0.000744,0.020246,0.009320,striping
images/original/9815573.gif,3,3,10,0.013121,0.076279,0.117755,striping
images/original/australian-flag-large.gif,3,3,1,0.004761,0.045226,0.039046,striping
images/original/Campusplan-Hausnr.gif,3,3,1,0.370208,3.049728,2.156726,striping
images/original/Campusplan-Mobilitaetsbeschraenkte.gif,3,3,1,0.369781,3.041802,3.284504,striping
images/original/fire.gif,3,3,33,0.001503,0.033358,0.010464,striping
images/original/frame_002.gif,3,3,1,0.002320,0.025360,0.016282,striping
images/original/giphy-3.gif,3,3,5,0.102536,0.433441,1.489216,striping
images/original/Mandelbrot-large.gif,3,3,20,0.195503,0.902296,3.839700,striping
images/original/porsche.gif,3,3,1,0.001206,0.016483,0.010422,striping
images/original/Produits_sous_linux.gif,3,3,1,0.006402,0.045208,0.033283,striping
images/original/TimelyHugeGnu.gif,3,3,19,0.049172,0.169591,0.680143,striping
images/original/tumblr_myxlbtwVEb1qzt4vjo1_r14_500_large.gif,3,3,10,0.018783,0.131161,0.637908,striping
images/original/051009.vince.gif,4,3,1,0.014929,0.087245,0.274991,striping
images/original/1.gif,4,3,10,0.018793,0.054484,0.254265,legacy
images/original/200_s.gif,4,3,1,0.000705,0.028583,0.010653,striping
images/original/9815573.gif,4,3,10,0.013015,0.042580,0.133013,legacy
images/original/australian-flag-large.gif,4,3,1,0.004591,0.051468,0.059689,striping
images/original/Campusplan-Hausnr.gif,4,3,1,0.392150,2.944851,2.567346,striping
images/original/Campusplan-Mobilitaetsbeschraenkte.gif,4,3,1,0.369890,2.908772,3.246565,striping
images/original/fire.gif,4,3,33,0.001085,0.025724,0.012774,legacy
images/original/frame_002.gif,4,3,1,0.002098,0.024280,0.018523,striping
images/original/giphy-3.gif,4,3,5,0.102989,0.182723,1.554525,legacy
images/original/Mandelbrot-large.gif,4,3,20,0.194703,0.348645,3.836841,legacy
images/original/porsche.gif,4,3,1,0.000697,0.028999,0.011599,striping
images/original/Produits_sous_linux.gif,4,3,1,0.006027,0.057336,0.040357,striping
images/original/TimelyHugeGnu.gif,4,3,19,0.048885,0.093635,0.707857,legacy
images/original/tumblr_myxlbtwVEb1qzt4vjo1_r14_500_large.gif,4,3,10,0.018323,0.052482,0.673172,legacy
images/original/051009.vince.gif,5,3,1,0.015713,0.112138,0.274137,striping
images/original/1.gif,5,3,10,0.018835,0.060785,0.267884,legacy
images/original/200_s.gif,5,3,1,0.000949,0.059488,0.012117,striping
images/original/9815573.gif,5,3,10,0.013320,0.066981,0.147308,legacy
images/original/australian-flag-large.gif,5,3,1,0.004832,0.055419,0.050507,striping
images/original/Campusplan-Hausnr.gif,5,3,1,0.370504,2.812042,2.970370,striping
images/original/Campusplan-Mobilitaetsbeschraenkte.gif,5,3,1,0.371147,2.859302,3.760585,striping
images/original/fire.gif,5,3,33,0.001296,0.026649,0.013070,legacy
images/original/frame_002.gif,5,3,1,0.002382,0.021111,0.023072,striping
images/original/giphy-3.gif,5,3,5,0.103401,0.171979,1.518958,legacy
images/original/Mandelbrot-large.gif,5,3,20,0.194867,0.303938,4.177584,legacy
images/original/porsche.gif,5,3,1,0.000928,0.028528,0.013435,striping
images/original/Produits_sous_linux.gif,5,3,1,0.006172,0.045990,0.055149,striping
images/original/TimelyHugeGnu.gif,5,3,19,0.048616,0.083445,0.768703,legacy
images/original/tumblr_myxlbtwVEb1qzt4vjo1_r14_500_large.gif,5,3,10,0.018884,0.050283,0.683990,legacy
images/original/051009.vince.gif,6,3,1,0.015013,0.130132,0.271613,striping
images/original/1.gif,6,3,10,0.019881,0.063324,0.258334,legacy
images/original/200_s.gif,6,3,1,0.000516,0.059477,0.013930,striping
images/original/9815573.gif,6,3,10,0.013042,0.071274,0.121822,legacy
images/original/australian-flag-large.gif,6,3,1,0.004850,0.081175,0.058034,striping
images/original/Campusplan-Hausnr.gif,6,3,1,0.370647,2.773718,3.372534,striping
images/original/Campusplan-Mobilitaetsbeschraenkte.gif,6,3,1,0.371090,2.755678,4.586661,striping
images/original/fire.gif,6,3,33,0.001083,0.069672,0.015652,legacy
images/original/frame_002.gif,6,3,1,0.002079,0.068165,0.025673,striping
images/original/giphy-3.gif,6,3,5,0.100757,0.170842,1.588445,legacy
images/original/Mandelbrot-large.gif,6,3,20,0.196291,0.309373,3.977422,legacy
images/original/porsche.gif,6,3,1,0.000684,0.070870,0.014168,striping
images/original/Produits_sous_linux.gif,6,3,1,0.006109,0.077140,0.052910,striping
images/original/TimelyHugeGnu.gif,6,3,19,0.048906,0.093342,0.751520,legacy
images/original/tumblr_myxlbtwVEb1qzt4vjo1_r14_500_large.gif,6,3,10,0.018605,0.068836,0.650987,legacy
images/original/051009.vince.gif,7,3,1,0.015271,0.107317,0.272975,striping
images/original/1.gif,7,3,10,0.019036,0.072852,0.256119,legacy
images/original/200_s.gif,7,3,1,0.000885,0.071991,0.016871,striping
images/original/9815573.gif,7,3,10,0.013144,0.070748,0.131227,legacy
images/original/australian-flag-large.gif,7,3,1,0.005001,0.103624,0.063088,striping
images/original/Campusplan-Hausnr.gif,7,3,1,0.370614,2.727166,3.758777,striping
images/original/Campusplan-Mobilitaetsbeschraenkte.gif,7,3,1,0.370564,2.731934,4.384304,striping
images/original/fire.gif,7,3,33,0.001308,0.071545,0.017445,legacy
images/original/frame_002.gif,7,3,1,0.002268,0.068799,0.029678,striping
images/original/giphy-3.gif,7,3,5,0.102787,0.404386,1.571635,striping
images/original/Mandelbrot-large.gif,7,3,20,0.194839,0.288451,4.336813,legacy
images/original/porsche.gif,7,3,1,0.001247,0.070679,0.020509,striping
images/original/Produits_sous_linux.gif,7,3,1,0.006417,0.079510,0.059683,striping
images/original/TimelyHugeGnu.gif,7,3,19,0.049333,0.091271,0.791319,legacy
images/original/tumblr_myxlbtwVEb1qzt4vjo1_r14_500_large.gif,7,3,10,0.018644,0.062384,0.682853,legacy
images/original/051009.vince.gif,8,3,1,0.015480,0.128336,0.271644,striping
images/original/1.gif,8,3,10,0.019072,0.069978,0.285779,legacy
images/original/200_s.gif,8,3,1,0.000642,0.063209,0.020187,striping
images/original/9815573.gif,8,3,10,0.013022,0.070244,0.142618,legacy
images/original/australian-flag-large.gif,8,3,1,0.004828,0.095673,0.070286,striping
images/original/Campusplan-Hausnr.gif,8,3,1,0.370615,2.695281,4.187239,striping
images/original/Campusplan-Mobilitaetsbeschraenkte.gif,8,3,1,0.370196,2.702683,5.032357,striping
images/original/fire.gif,8,3,33,0.000902,0.071766,0.019181,legacy
images/original/frame_002.gif,8,3,1,0.002084,0.065907,0.033624,striping
images/original/giphy-3.gif,8,3,5,0.102291,0.393686,1.565349,striping
images/original/Mandelbrot-large.gif,8,3,20,0.196404,0.291091,4.285901,legacy
images/original/porsche.gif,8,3,1,0.000872,0.069616,0.021690,striping
images/original/Produits_sous_linux.gif,8,3,1,0.005998,0.102063,0.065496,striping
images/original/TimelyHugeGnu.gif,8,3,19,0.048555,0.084737,0.854615,legacy
images/original/tumblr_myxlbtwVEb1qzt4vjo1_r14_500_large.gif,8,3,10,0.018593,0.082210,0.676025,legacy
images/original/051009.vince.gif,1,4,1,0.015244,0.020522,0.153000,single
images/original/1.gif,1,4,10,0.018823,0.037672,0.103679,single
images/original/200_s.gif,1,4,1,0.000747,0.000735,0.002059,single
images/original/9815573.gif,1,4,10,0.013138,0.020242,0.053626,single
images/original/australian-flag-large.gif,1,4,1,0.004793,0.011071,0.016121,single
images/original/Campusplan-Hausnr.gif,1,4,1,0.369459,0.949999,0.654376,single
images/original/Campusplan-Mobilitaetsbeschraenkte.gif,1,4,1,0.370161,0.899419,1.946876,single
images/original/fire.gif,1,4,33,0.001673,0.007923,0.003139,single
images/original/frame_002.gif,1,4,1,0.002140,0.003230,0.004377,single
images/original/giphy-3.gif,1,4,5,0.102936,0.145216,0.643216,single
images/original/Mandelbrot-large.gif,1,4,20,0.194610,0.334587,1.539091,single
images/original/porsche.gif,1,4,1,0.001055,0.001082,0.002465,single
images/original/Produits_sous_linux.gif,1,4,1,0.006657,0.012224,0.010093,single
images/original/TimelyHugeGnu.gif,1,4,19,0.052873,0.062578,0.330966,single
images/original/tumblr_myxlbtwVEb1qzt4vjo1_r14_500_large.gif,1,4,10,0.018669,0.036931,0.326355,single
images/original/051009.vince.gif,2,4,1,0.014891,0.092424,0.284221,striping
images/original/1.gif,2,4,10,0.019060,0.133164,0.224254,striping
images/original/200_s.gif,2,4,1,0.000695,0.020783,0.007708,striping
images/original/9815573.gif,2,4,10,0.013048,0.080204,0.115420,striping
images/original/australian-flag-large.gif,2,4,1,0.004805,0.049154,0.031622,striping
images/original/Campusplan-Hausnr.gif,2,4,1,0.370660,3.326358,1.716425,striping
images/original/Campusplan-Mobilitaetsbeschraenkte.gif,2,4,1,0.370352,3.314886,2.619120,striping
images/original/fire.gif,2,4,33,0.000880,0.031066,0.009126,striping
images/original/frame_002.gif,2,4,1,0.001771,0.025005,0.012888,striping
images/original/giphy-3.gif,2,4,5,0.102425,0.452027,1.428919,striping
images/original/Mandelbrot-large.gif,2,4,20,0.195976,0.937768,3.694095,striping
images/original/porsche.gif,2,4,1,0.000861,0.016137,0.008314,striping
images/original/Produits_sous_linux.gif,2,4,1,0.006140,0.050096,0.025815,striping
images/original/TimelyHugeGnu.gif,2,4,19,0.048691,0.177094,0.677981,striping
images/original/tumblr_myxlbtwVEb1qzt4vjo1_r14_500_large.gif,2,4,10,0.018334,0.134116,0.634694,striping
images/original/051009.vince.gif,3,4,1,0.015408,0.082883,0.277955,striping
images/original/1.gif,3,4,10,0.018864,0.127083,0.233360,striping
images/original/200_s.gif,3,4,1,0.000855,0.020585,0.009181,striping
images/original/9815573.gif,3,4,10,0.013164,0.074706,0.121278,striping
images/original/australian-flag-large.gif,3,4,1,0.005149,0.047405,0.039737,striping
images/original/Campusplan-Hausnr.gif,3,4,1,0.370808,3.035947,2.150057,striping
images/original/Campusplan-Mobilitaetsbeschraenkte.gif,3,4,1,0.371305,3.050869,2.841457,striping
images/original/fire.gif,3,4,33,0.001080,0.028542,0.011010,striping
images/original/frame_002.gif,3,4,1,0.002403,0.024272,0.015070,striping
images/original/giphy-3.gif,3,4,5,0.102371,0.423125,1.491567,striping
images/original/Mandelbrot-large.gif,3,4,20,0.195336,0.885421,3.853862,striping
images/original/porsche.gif,3,4,1,0.001095,0.020355,0.009425,striping
images/original/Produits_sous_linux.gif,3,4,1,0.006133,0.047060,0.032847,striping
images/original/TimelyHugeGnu.gif,3,4,19,0.049026,0.167967,0.678337,striping
images/original/tumblr_myxlbtwVEb1qzt4vjo1_r14_500_large.gif,3,4,10,0.018933,0.130484,0.643547,striping
images/original/051009.vince.gif,4,4,1,0.014950,0.092875,0.276753,striping
images/original/1.gif,4,4,10,0.019079,0.054453,0.254743,legacy
images/original/200_s.gif,4,4,1,0.000698,0.020093,0.012038,striping
images/original/9815573.gif,4,4,10,0.012891,0.039336,0.136091,legacy
images/original/australian-flag-large.gif,4,4,1,0.004625,0.059629,0.046657,striping
images/original/Campusplan-Hausnr.gif,4,4,1,0.369296,2.897339,2.560522,striping
images/original/Campusplan-Mobilitaetsbeschraenkte.gif,4,4,1,0.370009,2.909107,3.240277,striping
images/original/fire.gif,4,4,33,0.000990,0.026133,0.012639,legacy
images/original/frame_002.gif,4,4,1,0.001932,0.034584,0.019602,striping
images/original/giphy-3.gif,4,4,5,0.101748,0.187900,1.552411,legacy
images/original/Mandelbrot-large.gif,4,4,20,0.201051,0.335996,3.898905,legacy
images/original/porsche.gif,4,4,1,0.000704,0.034880,0.013351,striping
images/original/Produits_sous_linux.gif,4,4,1,0.006129,0.045599,0.039980,striping
images/original/TimelyHugeGnu.gif,4,4,19,0.048971,0.091596,0.738125,legacy
images/original/tumblr_myxlbtwVEb1qzt4vjo1_r14_500_large.gif,4,4,10,0.018642,0.052056,0.685135,legacy
images/original/051009.vince.gif,5,4,1,0.015124,0.081678,0.276017,striping
images/original/1.gif,5,4,10,0.019427,0.050371,0.268051,legacy
images/original/200_s.gif,5,4,1,0.001018,0.019967,0.013516,striping
images/original/9815573.gif,5,4,10,0.012943,0.040324,0.135535,legacy
images/original/australian-flag-large.gif,5,4,1,0.004854,0.052957,0.051557,striping
images/original/Campusplan-Hausnr.gif,5,4,1,0.370535,2.808264,2.975276,striping
images/original/Campusplan-Mobilitaetsbeschraenkte.gif,5,4,1,0.371486,2.809703,3.592902,striping
images/original/fire.gif,5,4,33,0.001279,0.024588,0.017027,legacy
images/original/frame_002.gif,5,4,1,0.002605,0.027223,0.027648,striping
images/original/giphy-3.gif,5,4,5,0.101775,0.164449,1.543487,legacy
images/original/Mandelbrot-large.gif,5,4,20,0.194879,0.296788,4.235826,legacy
images/original/porsche.gif,5,4,1,0.001318,0.022815,0.016918,striping
images/original/Produits_sous_linux.gif,5,4,1,0.006358,0.049364,0.048521,striping
images/original/TimelyHugeGnu.gif,5,4,19,0.049240,0.084422,0.736310,legacy
images/original/tumblr_myxlbtwVEb1qzt4vjo1_r14_500_large.gif,5,4,10,0.019021,0.047539,0.687967,legacy
images/original/051009.vince.gif,6,4,1,0.015050,0.130235,0.273026,striping
images/original/1.gif,6,4,10,0.018787,0.062405,0.252336,legacy
images/original/200_s.gif,6,4,1,0.000627,0.043856,0.016883,striping
images/original/9815573.gif,6,4,10,0.013066,0.076226,0.121362,legacy
images/original/australian-flag-large.gif,6,4,1,0.004762,0.099579,0.056996,striping
images/original/Campusplan-Hausnr.gif,6,4,1,0.368775,2.752080,3.375735,striping
images/original/Campusplan-Mobilitaetsbeschraenkte.gif,6,4,1,0.372357,2.765246,3.993875,striping
images/original/fire.gif,6,4,33,0.001073,0.058408,0.017929,legacy
images/original/frame_002.gif,6,4,1,0.002027,0.068684,0.025706,striping
images/original/giphy-3.gif,6,4,5,0.102600,0.163461,1.585061,legacy
images/original/Mandelbrot-large.gif,6,4,20,0.196154,0.301978,3.978359,legacy
images/original/porsche.gif,6,4,1,0.000898,0.061863,0.017732,striping
images/original/Produits_sous_linux.gif,6,4,1,0.006163,0.078993,0.053401,striping
images/original/TimelyHugeGnu.gif,6,4,19,0.050849,0.088753,0.766411,legacy
images/original/tumblr_myxlbtwVEb1qzt4vjo1_r14_500_large.gif,6,4,10,0.018446,0.055476,0.694604,legacy
images/original/051009.vince.gif,7,4,1,0.015287,0.112223,0.273685,striping
images/original/1.gif,7,4,10,0.019467,0.069125,0.281830,legacy
images/original/200_s.gif,7,4,1,0.000974,0.067655,0.016798,striping
images/original/9815573.gif,7,4,10,0.013324,0.059234,0.135749,legacy
images/original/australian-flag-large.gif,7,4,1,0.005097,0.107594,0.063066,striping
images/original/Campusplan-Hausnr.gif,7,4,1,0.371159,2.722672,3.784376,striping
images/original/Campusplan-Mobilitaetsbeschraenkte.gif,7,4,1,0.371487,2.723104,4.891765,striping
images/original/fire.gif,7,4,33,0.001313,0.063507,0.019898,legacy
images/original/frame_002.gif,7,4,1,0.002168,0.073666,0.029511,striping
images/original/giphy-3.gif,7,4,5,0.102451,0.391935,1.572479,striping
images/original/Mandelbrot-large.gif,7,4,20,0.194791,0.283793,4.135765,legacy
images/original/porsche.gif,7,4,1,0.001069,0.041934,0.020618,striping
images/original/Produits_sous_linux.gif,7,4,1,0.006305,0.101159,0.059686,striping
images/original/TimelyHugeGnu.gif,7,4,19,0.049003,0.084603,0.786869,legacy
images/original/tumblr_myxlbtwVEb1qzt4vjo1_r14_500_large.gif,7,4,10,0.019063,0.056292,0.675385,legacy
images/original/051009.vince.gif,8,4,1,0.015481,0.125744,0.273337,striping
images/original/1.gif,8,4,10,0.019021,0.060058,0.287643,legacy
images/original/200_s.gif,8,4,1,0.000704,0.086185,0.019399,striping
images/original/9815573.gif,8,4,10,0.012884,0.065499,0.145046,legacy
images/original/australian-flag-large.gif,8,4,1,0.004609,0.102145,0.071085,striping
images/original/Campusplan-Hausnr.gif,8,4,1,0.370787,2.694042,4.172278,striping
images/original/Campusplan-Mobilitaetsbeschraenkte.gif,8,4,1,0.370144,2.703969,5.045701,striping
images/original/fire.gif,8,4,33,0.000882,0.064762,0.022491,legacy
images/original/frame_002.gif,8,4,1,0.002084,0.060795,0.032252,striping
images/original/giphy-3.gif,8,4,5,0.102720,0.389883,1.574289,striping
images/original/Mandelbrot-large.gif,8,4,20,0.195401,0.276138,4.501939,legacy
images/original/porsche.gif,8,4,1,0.000873,0.065023,0.017892,striping
images/original/Produits_sous_linux.gif,8,4,1,0.005857,0.084819,0.065656,striping
images/original/TimelyHugeGnu.gif,8,4,19,0.048705,0.088651,0.817747,legacy
images/original/tumblr_myxlbtwVEb1qzt4vjo1_r14_500_large.gif,8,4,10,0.018710,0.066170,0.678576,legacy
images/original/051009.vince.gif,1,5,1,0.015305,0.022026,0.150846,single
images/original/1.gif,1,5,10,0.019417,0.039789,0.104600,single
images/original/200_s.gif,1,5,1,0.000743,0.000803,0.001927,single
images/original/9815573.gif,1,5,10,0.013250,0.021751,0.053784,single
images/original/australian-flag-large.gif,1,5,1,0.004860,0.011626,0.015993,single
images/original/Campusplan-Hausnr.gif,1,5,1,0.370577,0.966488,0.656650,single
images/original/Campusplan-Mobilitaetsbeschraenkte.gif,1,5,1,0.371532,0.883709,1.593304,single
images/original/fire.gif,1,5,33,0.001273,0.008309,0.002927,single
images/original/frame_002.gif,1,5,1,0.002503,0.003326,0.004527,single
images/original/giphy-3.gif,1,5,5,0.100538,0.143397,0.639935,single
images/original/Mandelbrot-large.gif,1,5,20,0.195567,0.352222,1.536776,single
images/original/porsche.gif,1,5,1,0.001091,0.001165,0.002328,single
images/original/Produits_sous_linux.gif,1,5,1,0.006481,0.011589,0.009626,single
images/original/TimelyHugeGnu.gif,1,5,19,0.049009,0.061239,0.324586,single
images/original/tumblr_myxlbtwVEb1qzt4vjo1_r14_500_large.gif,1,5,10,0.018887,0.037911,0.322710,single
images/original/051009.vince.gif,2,5,1,0.014943,0.085709,0.285048,striping
images/original/1.gif,2,5,10,0.019052,0.136000,0.222707,striping
images/original/200_s.gif,2,5,1,0.000702,0.021651,0.006983,striping
images/original/9815573.gif,2,5,10,0.013040,0.081503,0.115543,striping
images/original/australian-flag-large.gif,2,5,1,0.004792,0.050643,0.031993,striping
images/original/Campusplan-Hausnr.gif,2,5,1,0.370217,3.328011,1.705335,striping
images/original/Campusplan-Mobilitaetsbeschraenkte.gif,2,5,1,0.370810,3.321041,2.966656,striping
images/original/fire.gif,2,5,33,0.001043,0.026120,0.008674,striping
images/original/frame_002.gif,2,5,1,0.002064,0.018282,0.012510,striping
images/original/giphy-3.gif,2,5,5,0.102159,0.466817,1.430919,striping
images/original/Mandelbrot-large.gif,2,5,20,0.194498,0.965074,3.700989,striping
images/original/porsche.gif,2,5,1,0.000883,0.018503,0.008514,striping
images/original/Produits_sous_linux.gif,2,5,1,0.005927,0.045304,0.033718,striping
images/original/TimelyHugeGnu.gif,2,5,19,0.048914,0.178653,0.689141,striping
images/original/tumblr_myxlbtwVEb1qzt4vjo1_r14_500_large.gif,2,5,10,0.018655,0.138422,0.640123,striping
images/original/051009.vince.gif,3,5,1,0.015842,0.084661,0.280957,striping
images/original/1.gif,3,5,10,0.018965,0.129444,0.235459,striping
images/original/200_s.gif,3,5,1,0.000921,0.018447,0.009374,striping
images/original/9815573.gif,3,5,10,0.013326,0.079359,0.119063,striping
images/original/australian-flag-large.gif,3,5,1,0.004825,0.045363,0.039655,striping
images/original/Campusplan-Hausnr.gif,3,5,1,0.370112,3.039852,2.162524,striping
images/original/Campusplan-Mobilitaetsbeschraenkte.gif,3,5,1,0.371655,3.033277,2.962450,striping
images/original/fire.gif,3,5,33,0.001372,0.034378,0.011588,striping
images/original/frame_002.gif,3,5,1,0.002112,0.018699,0.016509,striping
images/original/giphy-3.gif,3,5,5,0.103055,0.441338,1.488526,striping
images/original/Mandelbrot-large.gif,3,5,20,0.195965,0.896220,3.853660,striping
images/original/porsche.gif,3,5,1,0.001018,0.018130,0.009282,striping
images/original/Produits_sous_linux.gif,3,5,1,0.006328,0.048336,0.032806,striping
images/original/TimelyHugeGnu.gif,3,5,19,0.049594,0.170412,0.678731,striping
images/original/tumblr_myxlbtwVEb1qzt4vjo1_r14_500_large.gif,3,5,10,0.018991,0.134384,0.639417,striping
images/original/051009.vince.gif,4,5,1,0.015288,0.085092,0.275055,striping
images/original/1.gif,4,5,10,0.019131,0.053694,0.246171,legacy
images/original/200_s.gif,4,5,1,0.000536,0.032764,0.010074,striping
images/original/9815573.gif,4,5,10,0.012663,0.045212,0.125628,legacy
images/original/australian-flag-large.gif,4,5,1,0.004600,0.053890,0.046143,striping
images/original/Campusplan-Hausnr.gif,4,5,1,0.371113,2.906979,2.580188,striping
images/original/Campusplan-Mobilitaetsbeschraenkte.gif,4,5,1,0.372167,2.910961,3.687116,striping
images/original/fire.gif,4,5,33,0.001078,0.030675,0.012749,legacy
images/original/frame_002.gif,4,5,1,0.001978,0.022769,0.019356,striping
images/original/giphy-3.gif,4,5,5,0.102052,0.180710,1.554360,legacy
images/original/Mandelbrot-large.gif,4,5,20,0.196332,0.339617,4.027678,legacy
images/original/porsche.gif,4,5,1,0.000749,0.025358,0.012870,striping
images/original/Produits_sous_linux.gif,4,5,1,0.005981,0.054661,0.039264,striping
images/original/TimelyHugeGnu.gif,4,5,19,0.048645,0.091426,0.712041,legacy
images/original/tumblr_myxlbtwVEb1qzt4vjo1_r14_500_large.gif,4,5,10,0.018680,0.058558,0.672710,legacy
images/original/051009.vince.gif,5,5,1,0.015268,0.121721,0.275196,striping
images/original/1.gif,5,5,10,0.019252,0.057585,0.262721,legacy
images/original/200_s.gif,5,5,1,0.000895,0.029248,0.012441,striping
images/original/9815573.gif,5,5,10,0.013105,0.042537,0.139315,legacy
images/original/australian-flag-large.gif,5,5,1,0.005024,0.054378,0.051289,striping
images/original/Campusplan-Hausnr.gif,5,5,1,0.370056,2.835890,2.972167,striping
images/original/Campusplan-Mobilitaetsbeschraenkte.gif,5,5,1,0.371199,2.815470,3.877841,striping
images/original/fire.gif,5,5,33,0.001310,0.023716,0.015286,legacy
images/original/frame_002.gif,5,5,1,0.002267,0.035631,0.028571,striping
images/original/giphy-3.gif,5,5,5,0.102690,0.167945,1.541441,legacy
images/original/Mandelbrot-large.gif,5,5,20,0.195000,0.306909,4.175784,legacy
images/original/porsche.gif,5,5,1,0.000951,0.022321,0.016327,striping
images/original/Produits_sous_linux.gif,5,5,1,0.006405,0.057508,0.046361,striping
images/original/TimelyHugeGnu.gif,5,5,19,0.049047,0.084171,0.742224,legacy
images/original/tumblr_myxlbtwVEb1qzt4vjo1_r14_500_large.gif,5,5,10,0.019810,0.047353,0.652584,legacy
images/original/051009.vince.gif,6,5,1,0.015367,0.135163,0.272130,striping
images/original/1.gif,6,5,10,0.019218,0.078425,0.245331,legacy
images/original/200_s.gif,6,5,1,0.000679,0.072190,0.014282,striping
images/original/9815573.gif,6,5,10,0.013061,0.059279,0.128395,legacy
images/original/australian-flag-large.gif,6,5,1,0.004703,0.088163,0.057679,striping
images/original/Campusplan-Hausnr.gif,6,5,1,0.369792,2.768429,3.376694,striping
images/original/Campusplan-Mobilitaetsbeschraenkte.gif,6,5,1,0.371353,2.771627,4.474093,striping
images/original/fire.gif,6,5,33,0.001088,0.061795,0.016430,legacy
images/original/frame_002.gif,6,5,1,0.002053,0.067280,0.026353,striping
images/original/giphy-3.gif,6,5,5,0.102619,0.166700,1.586911,legacy
images/original/Mandelbrot-large.gif,6,5,20,0.195067,0.303586,3.702115,legacy
images/original/porsche.gif,6,5,1,0.000689,0.059669,0.016517,striping
images/original/Produits_sous_linux.gif,6,5,1,0.006191,0.096470,0.053641,striping
images/original/TimelyHugeGnu.gif,6,5,19,0.048466,0.085913,0.789575,legacy
images/original/tumblr_myxlbtwVEb1qzt4vjo1_r14_500_large.gif,6,5,10,0.018470,0.077771,0.647671,legacy
images/original/051009.vince.gif,7,5,1,0.015444,0.112601,0.270560,striping
images/original/1.gif,7,5,10,0.018842,0.060613,0.277985,legacy
images/original/200_s.gif,7,5,1,0.000710,0.096814,0.014599,striping
images/original/9815573.gif,7,5,10,0.013293,0.059110,0.132656,legacy
images/original/australian-flag-large.gif,7,5,1,0.004841,0.080979,0.063496,striping
images/original/Campusplan-Hausnr.gif,7,5,1,0.369060,2.723429,3.834770,striping
images/original/Campusplan-Mobilitaetsbeschraenkte.gif,7,5,1,0.370561,2.722975,4.405909,striping
images/original/fire.gif,7,5,33,0.001297,0.059682,0.018662,legacy
images/original/frame_002.gif,7,5,1,0.002083,0.057970,0.029268,striping
images/original/giphy-3.gif,7,5,5,0.102277,0.397311,1.570195,striping
images/original/Mandelbrot-large.gif,7,5,20,0.193707,0.286487,4.149541,legacy
images/original/porsche.gif,7,5,1,0.001221,0.062069,0.019249,striping
images/original/Produits_sous_linux.gif,7,5,1,0.006280,0.082417,0.059848,striping
images/original/TimelyHugeGnu.gif,7,5,19,0.049565,0.087365,0.787410,legacy
images/original/tumblr_myxlbtwVEb1qzt4vjo1_r14_500_large.gif,7,5,10,0.018713,0.067945,0.674415,legacy
images/original/051009.vince.gif,8,5,1,0.015374,0.113812,0.271899,striping
images/original/1.gif,8,5,10,0.019348,0.077753,0.270466,legacy
images/original/200_s.gif,8,5,1,0.000492,0.082388,0.017615,striping
images/original/9815573.gif,8,5,10,0.012949,0.079162,0.141498,legacy
images/original/australian-flag-large.gif,8,5,1,0.004812,0.096466,0.069287,striping
images/original/Campusplan-Hausnr.gif,8,5,1,0.370944,2.697639,4.180829,striping
images/original/Campusplan-Mobilitaetsbeschraenkte.gif,8,5,1,0.370994,2.692481,5.365154,striping
images/original/fire.gif,8,5,33,0.001059,0.064363,0.022787,legacy
images/original/frame_002.gif,8,5,1,0.002087,0.039430,0.033348,striping
images/original/giphy-3.gif,8,5,5,0.101758,0.393733,1.561661,striping
images/original/Mandelbrot-large.gif,8,5,20,0.195222,0.287054,4.479982,legacy
images/original/porsche.gif,8,5,1,0.000689,0.063434,0.020787,striping
images/original/Produits_sous_linux.gif,8,5,1,0.006117,0.077890,0.066034,striping
images/original/TimelyHugeGnu.gif,8,5,19,0.048870,0.091572,0.873010,legacy
images/original/tumblr_myxlbtwVEb1qzt4vjo1_r14_500_large.gif,8,5,10,0.020920,0.080629,0.709279,legacy
images/original/051009.vince.gif,1,6,1,0.015862,0.022826,0.152131,single
images/original/1.gif,1,6,10,0.018842,0.039459,0.103780,single
images/original/200_s.gif,1,6,1,0.000880,0.000828,0.002071,single
images/original/9815573.gif,1,6,10,0.013268,0.020527,0.053370,single
images/original/australian-flag-large.gif,1,6,1,0.004868,0.011998,0.016037,single
images/original/Campusplan-Hausnr.gif,1,6,1,0.371293,0.932248,0.656301,single
images/original/Campusplan-Mobilitaetsbeschraenkte.gif,1,6,1,0.372217,0.868831,1.713791,single
images/original/fire.gif,1,6,33,0.001144,0.009092,0.002752,single
images/original/frame_002.gif,1,6,1,0.002659,0.003508,0.004492,single
images/original/giphy-3.gif,1,6,5,0.102487,0.145478,0.642525,single
images/original/Mandelbrot-large.gif,1,6,20,0.195150,0.341171,1.540235,single
images/original/porsche.gif,1,6,1,0.001034,0.001230,0.002623,single
images/original/Produits_sous_linux.gif,1,6,1,0.006188,0.010959,0.009929,single
images/original/TimelyHugeGnu.gif,1,6,19,0.049309,0.057974,0.323152,single
images/original/tumblr_myxlbtwVEb1qzt4vjo1_r14_500_large.gif,1,6,10,0.018859,0.036504,0.321251,single
images/original/051009.vince.gif,2,6,1,0.014924,0.084788,0.285526,striping
images/original/1.gif,2,6,10,0.018858,0.125586,0.223812,striping
images/original/200_s.gif,2,6,1,0.000706,0.018278,0.007879,striping
images/original/9815573.gif,2,6,10,0.012814,0.077340,0.114403,striping
images/original/australian-flag-large.gif,2,6,1,0.004583,0.051365,0.031241,striping
images/original/Campusplan-Hausnr.gif,2,6,1,0.370370,3.315703,1.709135,striping
images/original/Campusplan-Mobilitaetsbeschraenkte.gif,2,6,1,0.371048,3.323635,3.146437,striping
images/original/fire.gif,2,6,33,0.001047,0.033928,0.008542,striping
images/original/frame_002.gif,2,6,1,0.002055,0.016786,0.011977,striping
images/original/giphy-3.gif,2,6,5,0.106052,0.453038,1.427287,striping
images/original/Mandelbrot-large.gif,2,6,20,0.194655,0.943007,3.727744,striping
images/original/porsche.gif,2,6,1,0.000644,0.016148,0.007805,striping
images/original/Produits_sous_linux.gif,2,6,1,0.006094,0.048123,0.026191,striping
images/original/TimelyHugeGnu.gif,2,6,19,0.048726,0.174592,0.681797,striping
images/original/tumblr_myxlbtwVEb1qzt4vjo1_r14_500_large.gif,2,6,10,0.018649,0.131120,0.634510,striping
images/original/051009.vince.gif,3,6,1,0.015245,0.082175,0.279182,striping
images/original/1.gif,3,6,10,0.019010,0.123724,0.233124,striping
images/original/200_s.gif,3,6,1,0.000746,0.022538,0.008944,striping
images/original/9815573.gif,3,6,10,0.013054,0.082358,0.120442,striping
images/original/australian-flag-large.gif,3,6,1,0.005004,0.046758,0.040043,striping
images/original/Campusplan-Hausnr.gif,3,6,1,0.369822,3.022767,2.207491,striping
images/original/Campusplan-Mobilitaetsbeschraenkte.gif,3,6,1,0.369689,3.041280,3.317556,striping
images/original/fire.gif,3,6,33,0.001231,0.036145,0.012390,striping
images/original/frame_002.gif,3,6,1,0.002243,0.023928,0.016304,striping
images/original/giphy-3.gif,3,6,5,0.102786,0.428768,1.485604,striping
images/original/Mandelbrot-large.gif,3,6,20,0.194750,0.879627,3.847529,striping
images/original/porsche.gif,3,6,1,0.001089,0.017880,0.009964,striping
images/original/Produits_sous_linux.gif,3,6,1,0.006369,0.046912,0.032612,striping
images/original/TimelyHugeGnu.gif,3,6,19,0.049019,0.176365,0.680127,striping
images/original/tumblr_myxlbtwVEb1qzt4vjo1_r14_500_large.gif,3,6,10,0.018959,0.134637,0.640391,striping
images/original/051009.vince.gif,4,6,1,0.015611,0.085004,0.277792,striping
images/original/1.gif,4,6,10,0.018846,0.053952,0.245527,legacy
images/original/200_s.gif,4,6,1,0.000648,0.022984,0.011368,striping
images/original/9815573.gif,4,6,10,0.012880,0.039449,0.144661,legacy
images/original/australian-flag-large.gif,4,6,1,0.004637,0.054863,0.046686,striping
images/original/Campusplan-Hausnr.gif,4,6,1,0.369997,2.909910,2.570997,striping
images/original/Campusplan-Mobilitaetsbeschraenkte.gif,4,6,1,0.370162,2.887394,3.483255,striping
images/original/fire.gif,4,6,33,0.000918,0.025843,0.013713,legacy
images/original/frame_002.gif,4,6,1,0.001884,0.020078,0.020245,striping
images/original/giphy-3.gif,4,6,5,0.101346,0.183456,1.520812,legacy
images/original/Mandelbrot-large.gif,4,6,20,0.196101,0.329394,4.028206,legacy
images/original/porsche.gif,4,6,1,0.000696,0.024424,0.010759,striping
images/original/Produits_sous_linux.gif,4,6,1,0.006124,0.046813,0.039943,striping
images/original/TimelyHugeGnu.gif,4,6,19,0.048694,0.091672,0.733468,legacy
images/original/tumblr_myxlbtwVEb1qzt4vjo1_r14_500_large.gif,4,6,10,0.018618,0.051881,0.666013,legacy
images/original/051009.vince.gif,5,6,1,0.015789,0.085491,0.276102,striping
images/original/1.gif,5,6,10,0.019141,0.054052,0.268411,legacy
images/original/200_s.gif,5,6,1,0.000738,0.056966,0.011498,striping
images/original/9815573.gif,5,6,10,0.013128,0.044504,0.138316,legacy
images/original/australian-flag-large.gif,5,6,1,0.004958,0.054445,0.050876,striping
images/original/Campusplan-Hausnr.gif,5,6,1,0.371625,2.885332,2.971196,striping
images/original/Campusplan-Mobilitaetsbeschraenkte.gif,5,6,1,0.370075,2.813095,3.975341,striping
images/original/fire.gif,5,6,33,0.001235,0.022966,0.018535,legacy
images/original/frame_002.gif,5,6,1,0.002269,0.027811,0.023047,striping
images/original/giphy-3.gif,5,6,5,0.102756,0.163609,1.520813,legacy
images/original/Mandelbrot-large.gif,5,6,20,0.196572,0.296984,4.011475,legacy
images/original/porsche.gif,5,6,1,0.001112,0.018835,0.013908,striping
images/original/Produits_sous_linux.gif,5,6,1,0.006594,0.053636,0.046276,striping
images/original/TimelyHugeGnu.gif,5,6,19,0.049181,0.082475,0.773545,legacy
images/original/tumblr_myxlbtwVEb1qzt4vjo1_r14_500_large.gif,5,6,10,0.018730,0.049657,0.653623,legacy
images/original/051009.vince.gif,6,6,1,0.014629,0.108195,0.272471,striping
images/original/1.gif,6,6,10,0.018752,0.068336,0.258767,legacy
images/original/200_s.gif,6,6,1,0.000527,0.061352,0.016797,striping
images/original/9815573.gif,6,6,10,0.013143,0.073507,0.122726,legacy
images/original/australian-flag-large.gif,6,6,1,0.004764,0.092835,0.057217,striping
images/original/Campusplan-Hausnr.gif,6,6,1,0.370030,2.774760,3.398809,striping
images/original/Campusplan-Mobilitaetsbeschraenkte.gif,6,6,1,0.372325,2.763465,4.610020,striping
images/original/fire.gif,6,6,33,0.001058,0.061944,0.017461,legacy
images/original/frame_002.gif,6,6,1,0.001912,0.066076,0.026447,striping
images/original/giphy-3.gif,6,6,5,0.102778,0.167816,1.609755,legacy
images/original/Mandelbrot-large.gif,6,6,20,0.195203,0.299842,3.711772,legacy
images/original/porsche.gif,6,6,1,0.000716,0.062464,0.016286,striping
images/original/Produits_sous_linux.gif,6,6,1,0.006076,0.086251,0.054317,striping
images/original/TimelyHugeGnu.gif,6,6,19,0.047989,0.079183,0.763927,legacy
images/original/tumblr_myxlbtwVEb1qzt4vjo1_r14_500_large.gif,6,6,10,0.018463,0.067707,0.652156,legacy
images/original/051009.vince.gif,7,6,1,0.015873,0.102347,0.272171,striping
images/original/1.gif,7,6,10,0.019380,0.079083,0.248817,legacy
images/original/200_s.gif,7,6,1,0.000706,0.074261,0.015599,striping
images/original/9815573.gif,7,6,10,0.013042,0.054208,0.143383,legacy
images/original/australian-flag-large.gif,7,6,1,0.004833,0.077843,0.063934,striping
images/original/Campusplan-Hausnr.gif,7,6,1,0.370396,2.715050,3.767949,striping
images/original/Campusplan-Mobilitaetsbeschraenkte.gif,7,6,1,0.371300,2.716491,4.995858,striping
images/original/fire.gif,7,6,33,0.001343,0.058711,0.020464,legacy
images/original/frame_002.gif,7,6,1,0.002088,0.073862,0.029512,striping
images/original/giphy-3.gif,7,6,5,0.105576,0.388355,1.576964,striping
images/original/Mandelbrot-large.gif,7,6,20,0.194195,0.283544,4.360630,legacy
images/original/porsche.gif,7,6,1,0.001081,0.068559,0.018966,striping
images/original/Produits_sous_linux.gif,7,6,1,0.006141,0.074461,0.058426,striping
images/original/TimelyHugeGnu.gif,7,6,19,0.049213,0.082777,0.803935,legacy
images/original/tumblr_myxlbtwVEb1qzt4vjo1_r14_500_large.gif,7,6,10,0.018639,0.061949,0.680727,legacy
images/original/051009.vince.gif,8,6,1,0.015487,0.136603,0.273543,striping
images/original/1.gif,8,6,10,0.018873,0.083440,0.271929,legacy
images/original/200_s.gif,8,6,1,0.000689,0.057782,0.016832,striping
images/original/9815573.gif,8,6,10,0.012970,0.049439,0.143995,legacy
images/original/australian-flag-large.gif,8,6,1,0.004637,0.092262,0.070199,striping
images/original/Campusplan-Hausnr.gif,8,6,1,0.369156,2.681245,4.179946,striping
images/original/Campusplan-Mobilitaetsbeschraenkte.gif,8,6,1,0.370262,2.684752,5.359199,striping
images/original/fire.gif,8,6,33,0.001183,0.066025,0.023389,legacy
images/original/frame_002.gif,8,6,1,0.001908,0.052578,0.038454,striping
images/original/giphy-3.gif,8,6,5,0.102498,0.392413,1.588289,striping
images/original/Mandelbrot-large.gif,8,6,20,0.193963,0.271361,4.322484,legacy
images/original/porsche.gif,8,6,1,0.000867,0.063833,0.017889,striping
images/original/Produits_sous_linux.gif,8,6,1,0.006245,0.085532,0.065967,striping
images/original/TimelyHugeGnu.gif,8,6,19,0.048102,0.082552,0.816473,legacy
images/original/tumblr_myxlbtwVEb1qzt4vjo1_r14_500_large.gif,8,6,10,0.018684,0.066167,0.680848,legacy
images/original/051009.vince.gif,1,7,1,0.015369,0.021406,0.151218,single
images/original/1.gif,1,7,10,0.019233,0.039291,0.105615,single
images/original/200_s.gif,1,7,1,0.000887,0.000867,0.002270,single
images/original/9815573.gif,1,7,10,0.013626,0.021983,0.053342,single
images/original/australian-flag-large.gif,1,7,1,0.005020,0.011198,0.016029,single
images/original/Campusplan-Hausnr.gif,1,7,1,0.370932,0.964894,0.655043,single
images/original/Campusplan-Mobilitaetsbeschraenkte.gif,1,7,1,0.370498,0.906043,1.915035,single
images/original/fire.gif,1,7,33,0.001294,0.009840,0.002819,single
images/original/frame_002.gif,1,7,1,0.001838,0.003320,0.004344,single
images/original/giphy-3.gif,1,7,5,0.103022,0.146435,0.641210,single
images/original/Mandelbrot-large.gif,1,7,20,0.194896,0.346859,1.541074,single
images/original/porsche.gif,1,7,1,0.001226,0.001212,0.002511,single
images/original/Produits_sous_linux.gif,1,7,1,0.006466,0.011326,0.009956,single
images/original/TimelyHugeGnu.gif,1,7,19,0.048976,0.061079,0.322663,single
images/original/tumblr_myxlbtwVEb1qzt4vjo1_r14_500_large.gif,1,7,10,0.018392,0.037594,0.321046,single
images/original/051009.vince.gif,2,7,1,0.015282,0.093364,0.292433,striping
images/original/1.gif,2,7,10,0.019024,0.127576,0.225063,striping
images/original/200_s.gif,2,7,1,0.000528,0.020362,0.007352,striping
images/original/9815573.gif,2,7,10,0.012856,0.081464,0.115276,striping
images/original/australian-flag-large.gif,2,7,1,0.004824,0.051090,0.031107,striping
images/original/Campusplan-Hausnr.gif,2,7,1,0.369934,3.324885,1.715539,striping
images/original/Campusplan-Mobilitaetsbeschraenkte.gif,2,7,1,0.370577,3.328871,2.849259,striping
images/original/fire.gif,2,7,33,0.001059,0.029562,0.009089,striping
images/original/frame_002.gif,2,7,1,0.002097,0.025192,0.013058,striping
images/original/giphy-3.gif,2,7,5,0.101965,0.464731,1.429484,striping
images/original/Mandelbrot-large.gif,2,7,20,0.195513,0.959675,3.698132,striping
images/original/porsche.gif,2,7,1,0.000691,0.014166,0.008225,striping
images/original/Produits_sous_linux.gif,2,7,1,0.006084,0.051250,0.025692,striping
images/original/TimelyHugeGnu.gif,2,7,19,0.048797,0.177163,0.679280,striping
images/original/tumblr_myxlbtwVEb1qzt4vjo1_r14_500_large.gif,2,7,10,0.018597,0.142069,0.673955,striping
images/original/051009.vince.gif,3,7,1,0.015113,0.087201,0.278919,striping
images/original/1.gif,3,7,10,0.018973,0.132032,0.234960,striping
images/original/200_s.gif,3,7,1,0.000705,0.013381,0.008500,striping
images/original/9815573.gif,3,7,10,0.013218,0.080995,0.119999,striping
images/original/australian-flag-large.gif,3,7,1,0.004830,0.052843,0.040452,striping
images/original/Campusplan-Hausnr.gif,3,7,1,0.371117,3.038787,2.153479,striping
images/original/Campusplan-Mobilitaetsbeschraenkte.gif,3,7,1,0.371373,3.031133,3.068783,striping
images/original/fire.gif,3,7,33,0.001121,0.028569,0.012076,striping
images/original/frame_002.gif,3,7,1,0.002300,0.019575,0.016241,striping
images/original/giphy-3.gif,3,7,5,0.103188,0.440313,1.489843,striping
images/original/Mandelbrot-large.gif,3,7,20,0.196160,0.890281,3.844103,striping
images/original/porsche.gif,3,7,1,0.001122,0.021952,0.010158,striping
images/original/Produits_sous_linux.gif,3,7,1,0.006565,0.044310,0.033340,striping
images/original/TimelyHugeGnu.gif,3,7,19,0.049162,0.171988,0.682486,striping
images/original/tumblr_myxlbtwVEb1qzt4vjo1_r14_500_large.gif,3,7,10,0.018860,0.136538,0.638939,striping
images/original/051009.vince.gif,4,7,1,0.014974,0.086264,0.275561,striping
images/original/1.gif,4,7,10,0.019195,0.056677,0.250510,legacy
images/original/200_s.gif,4,7,1,0.000593,0.023176,0.011296,striping
images/original/9815573.gif,4,7,10,0.013021,0.044522,0.131725,legacy
images/original/australian-flag-large.gif,4,7,1,0.004649,0.050286,0.045600,striping
images/original/Campusplan-Hausnr.gif,4,7,1,0.370981,2.908913,2.562876,striping
images/original/Campusplan-Mobilitaetsbeschraenkte.gif,4,7,1,0.369383,2.904513,3.248479,striping
images/original/fire.gif,4,7,33,0.000910,0.029824,0.013367,legacy
images/original/frame_002.gif,4,7,1,0.001875,0.028075,0.019217,striping
images/original/giphy-3.gif,4,7,5,0.102923,0.183584,1.462877,legacy
images/original/Mandelbrot-large.gif,4,7,20,0.193481,0.336148,4.040915,legacy
images/original/porsche.gif,4,7,1,0.000694,0.022360,0.011857,striping
images/original/Produits_sous_linux.gif,4,7,1,0.005844,0.050504,0.040503,striping
images/original/TimelyHugeGnu.gif,4,7,19,0.050925,0.096795,0.708374,legacy
images/original/tumblr_myxlbtwVEb1qzt4vjo1_r14_500_large.gif,4,7,10,0.018472,0.048348,0.669019,legacy
images/original/051009.vince.gif,5,7,1,0.015512,0.104626,0.273404,striping
images/original/1.gif,5,7,10,0.018814,0.063397,0.251464,legacy
images/original/200_s.gif,5,7,1,0.000901,0.050331,0.011578,striping
images/original/9815573.gif,5,7,10,0.013184,0.040499,0.137714,legacy
images/original/australian-flag-large.gif,5,7,1,0.004782,0.052770,0.050525,striping
images/original/Campusplan-Hausnr.gif,5,7,1,0.371024,2.826822,3.005441,striping
images/original/Campusplan-Mobilitaetsbeschraenkte.gif,5,7,1,0.372256,2.825585,4.154865,striping
images/original/fire.gif,5,7,33,0.001308,0.025293,0.016954,legacy
images/original/frame_002.gif,5,7,1,0.002078,0.025506,0.023032,striping
images/original/giphy-3.gif,5,7,5,0.102702,0.165924,1.554400,legacy
images/original/Mandelbrot-large.gif,5,7,20,0.195167,0.309441,4.234038,legacy
images/original/porsche.gif,5,7,1,0.001218,0.030511,0.015877,striping
images/original/Produits_sous_linux.gif,5,7,1,0.006164,0.053284,0.047271,striping
images/original/TimelyHugeGnu.gif,5,7,19,0.049053,0.080465,0.770188,legacy
images/original/tumblr_myxlbtwVEb1qzt4vjo1_r14_500_large.gif,5,7,10,0.018420,0.048944,0.655778,legacy
images/original/051009.vince.gif,6,7,1,0.014803,0.104911,0.272418,striping
images/original/1.gif,6,7,10,0.019064,0.068997,0.253369,legacy
images/original/200_s.gif,6,7,1,0.000705,0.058883,0.014450,striping
images/original/9815573.gif,6,7,10,0.013135,0.048104,0.148482,legacy
images/original/australian-flag-large.gif,6,7,1,0.004596,0.095666,0.056982,striping
images/original/Campusplan-Hausnr.gif,6,7,1,0.371252,2.764135,3.367348,striping
images/original/Campusplan-Mobilitaetsbeschraenkte.gif,6,7,1,0.371833,2.773114,4.595814,striping
images/original/fire.gif,6,7,33,0.000997,0.060495,0.018698,legacy
images/original/frame_002.gif,6,7,1,0.001923,0.087121,0.027326,striping
images/original/giphy-3.gif,6,7,5,0.102570,0.164245,1.640753,legacy
images/original/Mandelbrot-large.gif,6,7,20,0.193656,0.296731,4.009603,legacy
images/original/porsche.gif,6,7,1,0.000703,0.065653,0.015037,striping
images/original/Produits_sous_linux.gif,6,7,1,0.005989,0.092527,0.052639,striping
images/original/TimelyHugeGnu.gif,6,7,19,0.048751,0.087378,0.759944,legacy
images/original/tumblr_myxlbtwVEb1qzt4vjo1_r14_500_large.gif,6,7,10,0.018463,0.083427,0.652491,legacy
images/original/051009.vince.gif,7,7,1,0.015507,0.114129,0.275345,striping
images/original/1.gif,7,7,10,0.018957,0.075744,0.245635,legacy
images/original/200_s.gif,7,7,1,0.000942,0.059044,0.017309,striping
images/original/9815573.gif,7,7,10,0.013232,0.057491,0.139663,legacy
images/original/australian-flag-large.gif,7,7,1,0.004782,0.082157,0.063984,striping
images/original/Campusplan-Hausnr.gif,7,7,1,0.369795,2.726378,3.784411,striping
images/original/Campusplan-Mobilitaetsbeschraenkte.gif,7,7,1,0.371439,2.727337,4.643259,striping
images/original/fire.gif,7,7,33,0.001087,0.061140,0.020474,legacy
images/original/frame_002.gif,7,7,1,0.002094,0.077156,0.030909,striping
images/original/giphy-3.gif,7,7,5,0.102109,0.398053,1.575933,striping
images/original/Mandelbrot-large.gif,7,7,20,0.196865,0.284579,4.101064,legacy
images/original/porsche.gif,7,7,1,0.001083,0.067643,0.017575,striping
images/original/Produits_sous_linux.gif,7,7,1,0.005941,0.085435,0.058838,striping
images/original/TimelyHugeGnu.gif,7,7,19,0.049241,0.088391,0.778257,legacy
images/original/tumblr_myxlbtwVEb1qzt4vjo1_r14_500_large.gif,7,7,10,0.019002,0.086799,0.664037,legacy
images/original/051009.vince.gif,8,7,1,0.015053,0.105585,0.272736,striping
images/original/1.gif,8,7,10,0.019624,0.063013,0.278791,legacy
images/original/200_s.gif,8,7,1,0.000529,0.076294,0.020922,striping
images/original/9815573.gif,8,7,10,0.013027,0.080199,0.142276,legacy
images/original/australian-flag-large.gif,8,7,1,0.004720,0.086413,0.070043,striping
images/original/Campusplan-Hausnr.gif,8,7,1,0.370696,2.687377,4.212749,striping
images/original/Campusplan-Mobilitaetsbeschraenkte.gif,8,7,1,0.370042,2.754280,5.267264,striping
images/original/fire.gif,8,7,33,0.000922,0.048575,0.022734,legacy
images/original/frame_002.gif,8,7,1,0.001922,0.058663,0.034181,striping
images/original/giphy-3.gif,8,7,5,0.101423,0.394954,1.561151,striping
images/original/Mandelbrot-large.gif,8,7,20,0.193498,0.289189,4.287447,legacy
images/original/porsche.gif,8,7,1,0.000819,0.065721,0.018907,striping
images/original/Produits_sous_linux.gif,8,7,1,0.006090,0.079349,0.065797,striping
images/original/TimelyHugeGnu.gif,8,7,19,0.048269,0.092686,0.820593,legacy
images/original/tumblr_myxlbtwVEb1qzt4vjo1_r14_500_large.gif,8,7,10,0.018479,0.058907,0.696308,legacy
images/original/051009.vince.gif,1,8,1,0.015100,0.020640,0.153709,single
images/original/1.gif,1,8,10,0.018817,0.038012,0.103994,single
images/original/200_s.gif,1,8,1,0.000962,0.000911,0.002097,single
images/original/9815573.gif,1,8,10,0.013102,0.020926,0.053284,single
images/original/australian-flag-large.gif,1,8,1,0.004785,0.011781,0.015959,single
images/original/Campusplan-Hausnr.gif,1,8,1,0.369709,0.946452,0.658281,single
images/original/Campusplan-Mobilitaetsbeschraenkte.gif,1,8,1,0.371137,0.885510,1.967836,single
images/original/fire.gif,1,8,33,0.001089,0.010879,0.002741,single
images/original/frame_002.gif,1,8,1,0.002444,0.003437,0.004340,single
images/original/giphy-3.gif,1,8,5,0.102669,0.143230,0.641862,single
images/original/Mandelbrot-large.gif,1,8,20,0.195377,0.344854,1.538475,single
images/original/porsche.gif,1,8,1,0.001105,0.001216,0.002526,single
images/original/Produits_sous_linux.gif,1,8,1,0.006084,0.010982,0.009511,single
images/original/TimelyHugeGnu.gif,1,8,19,0.048942,0.059323,0.321437,single
images/original/tumblr_myxlbtwVEb1qzt4vjo1_r14_500_large.gif,1,8,10,0.018664,0.037114,0.323385,single
images/original/051009.vince.gif,2,8,1,0.015345,0.085866,0.285858,striping
images/original/1.gif,2,8,10,0.019612,0.125678,0.223163,striping
images/original/200_s.gif,2,8,1,0.000519,0.020571,0.006611,striping
images/original/9815573.gif,2,8,10,0.013056,0.083136,0.115244,striping
images/original/australian-flag-large.gif,2,8,1,0.004707,0.054290,0.030761,striping
images/original/Campusplan-Hausnr.gif,2,8,1,0.373056,3.324030,1.715735,striping
images/original/Campusplan-Mobilitaetsbeschraenkte.gif,2,8,1,0.372217,3.319205,3.066325,striping
images/original/fire.gif,2,8,33,0.001054,0.030379,0.009093,striping
images/original/frame_002.gif,2,8,1,0.002093,0.026373,0.012640,striping
images/original/giphy-3.gif,2,8,5,0.102958,0.475670,1.459237,striping
images/original/Mandelbrot-large.gif,2,8,20,0.195429,0.939314,3.701119,striping
images/original/porsche.gif,2,8,1,0.000909,0.019947,0.008073,striping
images/original/Produits_sous_linux.gif,2,8,1,0.005916,0.049901,0.025702,striping
images/original/TimelyHugeGnu.gif,2,8,19,0.049793,0.175931,0.677455,striping
images/original/tumblr_myxlbtwVEb1qzt4vjo1_r14_500_large.gif,2,8,10,0.018569,0.139909,0.636874,striping
images/original/051009.vince.gif,3,8,1,0.015279,0.087165,0.278965,striping
images/original/1.gif,3,8,10,0.019099,0.127847,0.234341,striping
images/original/200_s.gif,3,8,1,0.000735,0.019177,0.009462,striping
images/original/9815573.gif,3,8,10,0.013475,0.079316,0.119431,striping
images/original/australian-flag-large.gif,3,8,1,0.004886,0.046832,0.039604,striping
images/original/Campusplan-Hausnr.gif,3,8,1,0.369379,3.034705,2.156126,striping
images/original/Campusplan-Mobilitaetsbeschraenkte.gif,3,8,1,0.370538,3.024654,3.371970,striping
images/original/fire.gif,3,8,33,0.001649,0.034786,0.012595,striping
images/original/frame_002.gif,3,8,1,0.001894,0.022622,0.016512,striping
images/original/giphy-3.gif,3,8,5,0.102938,0.428895,1.487550,striping
images/original/Mandelbrot-large.gif,3,8,20,0.194741,0.882631,3.837571,striping
images/original/porsche.gif,3,8,1,0.001235,0.021018,0.010624,striping
images/original/Produits_sous_linux.gif,3,8,1,0.006119,0.049172,0.032932,striping
images/original/TimelyHugeGnu.gif,3,8,19,0.048829,0.172654,0.680658,striping
images/original/tumblr_myxlbtwVEb1qzt4vjo1_r14_500_large.gif,3,8,10,0.018632,0.135199,0.640567,striping
images/original/051009.vince.gif,4,8,1,0.014853,0.086869,0.277150,striping
images/original/1.gif,4,8,10,0.018867,0.055375,0.255635,legacy
images/original/200_s.gif,4,8,1,0.000696,0.024168,0.011453,striping
images/original/9815573.gif,4,8,10,0.013072,0.044709,0.132331,legacy
images/original/australian-flag-large.gif,4,8,1,0.004599,0.054744,0.046906,striping
images/original/Campusplan-Hausnr.gif,4,8,1,0.371045,2.909767,2.546729,striping
images/original/Campusplan-Mobilitaetsbeschraenkte.gif,4,8,1,0.369120,2.898918,3.963392,striping
images/original/fire.gif,4,8,33,0.001134,0.025640,0.014937,legacy
images/original/frame_002.gif,4,8,1,0.001910,0.028562,0.019580,striping
images/original/giphy-3.gif,4,8,5,0.102145,0.187067,1.518548,legacy
images/original/Mandelbrot-large.gif,4,8,20,0.195491,0.329252,4.032185,legacy
images/original/porsche.gif,4,8,1,0.000692,0.023584,0.012298,striping
images/original/Produits_sous_linux.gif,4,8,1,0.005909,0.047601,0.039371,striping
images/original/TimelyHugeGnu.gif,4,8,19,0.050810,0.089620,0.732934,legacy
images/original/tumblr_myxlbtwVEb1qzt4vjo1_r14_500_large.gif,4,8,10,0.018478,0.060128,0.687518,legacy
images/original/051009.vince.gif,5,8,1,0.015477,0.112632,0.274581,striping
images/original/1.gif,5,8,10,0.018937,0.058160,0.269676,legacy
images/original/200_s.gif,5,8,1,0.000718,0.057424,0.012983,striping
images/original/9815573.gif,5,8,10,0.013286,0.054259,0.144041,legacy
images/original/australian-flag-large.gif,5,8,1,0.005014,0.056987,0.051326,striping
images/original/Campusplan-Hausnr.gif,5,8,1,0.370998,2.822772,2.976365,striping
images/original/Campusplan-Mobilitaetsbeschraenkte.gif,5,8,1,0.370586,2.824008,4.098840,striping
images/original/fire.gif,5,8,33,0.001405,0.031191,0.017846,legacy
images/original/frame_002.gif,5,8,1,0.001940,0.024690,0.023440,striping
images/original/giphy-3.gif,5,8,5,0.101205,0.160385,1.554765,legacy
images/original/Mandelbrot-large.gif,5,8,20,0.195663,0.303954,4.192476,legacy
images/original/porsche.gif,5,8,1,0.000848,0.037908,0.014238,striping
images/original/Produits_sous_linux.gif,5,8,1,0.006256,0.055390,0.046619,striping
images/original/TimelyHugeGnu.gif,5,8,19,0.049059,0.080105,0.773937,legacy
images/original/tumblr_myxlbtwVEb1qzt4vjo1_r14_500_large.gif,5,8,10,0.018691,0.049222,0.667176,legacy
images/original/051009.vince.gif,6,8,1,0.015236,0.102197,0.274959,striping
images/original/1.gif,6,8,10,0.019200,0.048826,0.274252,legacy
images/original/200_s.gif,6,8,1,0.000571,0.036241,0.013414,striping
images/original/9815573.gif,6,8,10,0.012901,0.036236,0.149642,legacy
images/original/australian-flag-large.gif,6,8,1,0.004830,0.055209,0.057946,striping
images/original/Campusplan-Hausnr.gif,6,8,1,0.370251,2.766234,3.367078,striping
images/original/Campusplan-Mobilitaetsbeschraenkte.gif,6,8,1,0.380007,2.780303,4.595084,striping
images/original/fire.gif,6,8,33,0.000914,0.024533,0.019534,legacy
images/original/frame_002.gif,6,8,1,0.002089,0.031217,0.030736,striping
images/original/giphy-3.gif,6,8,5,0.102953,0.156133,1.612249,legacy
images/original/Mandelbrot-large.gif,6,8,20,0.194325,0.285086,3.831201,legacy
images/original/porsche.gif,6,8,1,0.000711,0.022796,0.016457,striping
images/original/Produits_sous_linux.gif,6,8,1,0.005846,0.054949,0.052423,striping
images/original/TimelyHugeGnu.gif,6,8,19,0.048243,0.079079,0.770640,legacy
images/original/tumblr_myxlbtwVEb1qzt4vjo1_r14_500_large.gif,6,8,10,0.018643,0.045158,0.710618,legacy
images/original/051009.vince.gif,7,8,1,0.015841,0.116217,0.274448,striping
images/original/1.gif,7,8,10,0.019364,0.059059,0.274445,legacy
images/original/200_s.gif,7,8,1,0.000806,0.030130,0.020408,striping
images/original/9815573.gif,7,8,10,0.013328,0.057988,0.149661,legacy
images/original/australian-flag-large.gif,7,8,1,0.005163,0.101209,0.063733,striping
images/original/Campusplan-Hausnr.gif,7,8,1,0.369575,2.719316,3.786457,striping
images/original/Campusplan-Mobilitaetsbeschraenkte.gif,7,8,1,0.369872,2.722343,4.594914,striping
images/original/fire.gif,7,8,33,0.001397,0.026645,0.020666,legacy
images/original/frame_002.gif,7,8,1,0.001920,0.022829,0.028871,striping
images/original/giphy-3.gif,7,8,5,0.102907,0.398751,1.578364,striping
images/original/Mandelbrot-large.gif,7,8,20,0.194843,0.286545,4.499803,legacy
images/original/porsche.gif,7,8,1,0.000914,0.033176,0.024216,striping
images/original/Produits_sous_linux.gif,7,8,1,0.006110,0.052427,0.059720,striping
images/original/TimelyHugeGnu.gif,7,8,19,0.048885,0.081979,0.769085,legacy
images/original/tumblr_myxlbtwVEb1qzt4vjo1_r14_500_large.gif,7,8,10,0.018830,0.048300,0.683237,legacy
images/original/051009.vince.gif,8,8,1,0.015169,0.085749,0.270720,striping
images/original/1.gif,8,8,10,0.019035,0.048201,0.299915,legacy
images/original/200_s.gif,8,8,1,0.000521,0.046418,0.019477,striping
images/original/9815573.gif,8,8,10,0.012891,0.040093,0.178216,legacy
images/original/australian-flag-large.gif,8,8,1,0.004602,0.058582,0.069347,striping
images/original/Campusplan-Hausnr.gif,8,8,1,0.371032,2.694069,4.188473,striping
images/original/Campusplan-Mobilitaetsbeschraenkte.gif,8,8,1,0.370468,2.692084,5.138088,striping
images/original/fire.gif,8,8,33,0.000931,0.029926,0.019396,legacy
images/original/frame_002.gif,8,8,1,0.001892,0.030990,0.033519,striping
images/original/giphy-3.gif,8,8,5,0.101149,0.396522,1.571445,striping
images/original/Mandelbrot-large.gif,8,8,20,0.192975,0.278286,4.663701,legacy
images/original/porsche.gif,8,8,1,0.000893,0.037060,0.022216,striping
images/original/Produits_sous_linux.gif,8,8,1,0.005956,0.059554,0.066239,striping
images/original/TimelyHugeGnu.gif,8,8,19,0.048680,0.080423,0.836221,legacy
images/original/tumblr_myxlbtwVEb1qzt4vjo1_r14_500_large.gif,8,8,10,0.018886,0.050306,0.699665,legacy
